item,qty,spec,supplier,unit_cost_usd,make_buy,notes
1 Chassis beam,1,"40 x 80 x 2 mm 6063 aluminum rectangular tube, 2,334 mm between the truck plates (module length plus 56 mm); cut to module length for other tables",Aluminum stockist,30.00,buy,Indicative price; about 2.9 kg (DRN-CAL-001 A1); held to each truck plate by two angle cleats (line 15)
2 Microfiber brush,1,"120 mm diameter, 2,198 mm brushed length; 50 x 2 mm aluminum core tube with replaceable helical microfiber sleeves; two turned aluminum core end plugs; steel stub shafts (20 mm in the bearings, 15 mm outboard at the lower end); two 20 mm bore pressed-steel 2-bolt flange bearings",Cleaning-supply trade plus local turning shop,63.00,make,"Indicative price (tube about $15; sleeves about $40; plugs, shafts and flange bearings about $8); 50 mm core keeps the pile interference at 3.5 to 4.4 mm (DRN-CAL-001 B5); sleeves are the only consumable; end plugs and flange bearings added by DRN-DDR-003"
3 Brush hood,1,"0.8 mm aluminum sheet bent to 77 mm radius over the brush, 2.2 m, with end guards, hung from the beam on five 3 mm spacers; sunshade over the pack and controller from 1 mm sheet on four posts",Local sheet-metal shop,18.00,make,Indicative price; about 1.1 kg; spacers and posts in line 15
4 Brush motor and belt drive,1,"12 V DC gearmotor, about 60 W, reversible, face-mounted on the lower drive housing; HTD 3M toothed belt and two pulleys (1:1) for about 150 rpm at the brush",Motor distributor,38.00,buy,Indicative price; about 48 W electrical in use (DRN-CAL-001 F1)
5 End trucks and wheels (pair),1,"Two 5 mm aluminum plates, 260 x 296 mm; four 70 x 18 mm polyurethane wheels at 180 mm wheelbase on 10 mm steel axles, each axle in two 10 mm pressed-steel 2-bolt flange bearings (eight in all); HTD 3M belt and two pulleys per truck; 10 to 6 mm shaft coupling per truck; two folded drive housings (2 mm sheet at the lower truck, 1.5 mm at the upper) that carry the motors and guard the belts",Local fabricator plus bearing supplier,70.00,make,"Indicative price; wheels ride on the module frame top flange only; plate height, flange bearings, couplings and drive housings added by DRN-DDR-003"
6 Drive gearmotors,2,"12 V 37 mm gearmotor with Hall encoder, about 10 W, face-mounted on the drive housing and coupled to one wheel axle",Motor distributor,16.00,buy,Indicative price; one per truck
7 Guide and hook rollers (set),1,"Four 22 mm guide rollers on the frame outer face, each on an M8 bolt in a folded 3 mm aluminum clevis; two 16 mm hook rollers under the frame bottom flange, each on an 8 mm axle in a 10 mm aluminum slider that runs on two M6 shoulder bolts; two compression springs and seats for 60 N preload per truck; sealed bearings with polyurethane tyres",Bearing supplier,28.00,buy,"Indicative price; preload 60 N by the 60 N wheel-load rule of DRN-CAL-001 [C0]; clevises, sliders and seats added by DRN-DDR-003"
8 LiFePO4 pack,1,"12.8 V 10 Ah (128 Wh) with BMS, low-temperature and high-temperature charge cut-off, 151 x 65 x 94 mm; strapped to the beam top (straps in line 15)",Battery distributor,45.00,buy,Indicative price
9 Controller and motor drivers,1,"ESP32-class board; dual drive channel and brush motor driver; current sensing; humidity and temperature sensor; latch solenoid driver; IP65 box 140 x 80 x 55 mm screwed to the beam top, and cable glands",Electronics distributor,49.00,buy,Indicative price; firmware is a sketch until TRL 4
10 IR edge sensors,4,"Downward-looking reflective IR sensor in a sealed housing, two per truck, ahead of the wheels, 44 mm above the frame top flange on a folded bracket (line 15)",Electronics distributor,4.00,buy,Indicative price
11 Dock frame rails and clamps,1,"Aluminum C-section rails 780 mm long continuing the module frame profile; three 40 x 40 x 2 mm square-tube cross members 6 mm below the frame bottom; four 4 mm folded rail brackets with spacers and shims; two frame clamps (40 x 6 mm clamp bar, 6 mm jaw, 2.5 mm spacer, M8 bolt) on the first module's long-side frame flange; three 40 x 20 x 2 mm ties; four 40 x 40 x 2 mm legs bolted to the cross members, with foot plates; M8 and M5 bolts",Aluminum stockist plus local fabricator,60.00,make,"Indicative price; no drilling of modules or structure; cross members kept clear of the hook roller path and rail brackets, clamp jaws and ties added by DRN-DDR-003"
12 Dock PV panel,1,"20 W monocrystalline, about 530 x 350 mm, bolted through its frame holes to two dock ties",Solar distributor,22.00,buy,Indicative price
13 Dock charger and contacts,1,"LiFePO4 solar charge controller about 5 A in a box on the far cross member; dock contact block with three spring contacts (charge and anemometer signal) on a 40 x 20 mm post; robot contact block with three copper strips on a folded bracket; latch: 6 mm steel pin on a 12 V spring-return pull solenoid on the robot, dropping into a 3 mm latch tab on the dock",Electronics distributor,35.00,buy,"Indicative price; contact post, robot contact bracket and latch solenoid added by DRN-DDR-003"
14 End stops (pair),1,"Clamp-on aluminum end stops for the last module's upper and lower frame: top block, outer plate and bottom jaw screwed together around the frame edge, held by an M8 clamp screw; 5 mm rubber buffer; top 40 mm above the glass so the IR sensors pass over",Local fabricator,12.00,make,"Indicative price; three-piece clamp, clamp screw and lower height by DRN-DDR-003"
15 Wiring and hardware,1,"Silicone wire, 15 A fuse, main switch, two emergency stop buttons in the truck plates, fasteners, cable ties; four 30 x 30 x 3 mm beam cleats; five 3 mm hood spacers; four 12 mm sunshade posts; four folded sensor brackets; two pack straps; M5 rivet nuts",Local hardware and electronics shop,38.00,buy,"Indicative price; no exploded-view callout; cleats, spacers, posts, brackets and straps added by DRN-DDR-003"
16 Dock anemometer,1,"Cup anemometer with pulse output, 0 to 30 m/s, on a vertical 24 mm mast held by two U-bolt clamps to the dock's far cross member; read by the robot through the third dock contact before each start",Electronics distributor (weather-station spare part),17.00,buy,Indicative price; added by DRN-DDR-001 D3; vertical mast and clamps by DRN-DDR-003
